{"cameraMode":{"drawMode":0,"name":"Shaded","section":"Shading Mode"},"sceneLighting":false,"audioPlay":false,"sceneViewState":{"showFog":true,"showMaterialUpdate":false,"showSkybox":false,"showFlares":true,"showImageEffects":true,"showParticleSystems":true},"in2DMode":false,"pivot":{"x":-0.028920650482177736,"y":0.28719234466552737,"z":-0.004761219024658203},"rotation":{"x":-0.3183056712150574,"y":0.6736577153205872,"z":-0.40409523248672488,"w":-0.5306447148323059},"size":2.540125608444214,"orthographic":false}