{"cameraMode":{"drawMode":0,"name":"Shaded","section":"Shading Mode"},"sceneLighting":true,"audioPlay":false,"sceneViewState":{"showFog":true,"showMaterialUpdate":false,"showSkybox":true,"showFlares":true,"showImageEffects":true,"showParticleSystems":true},"in2DMode":false,"pivot":{"x":208.01345825195313,"y":80.417724609375,"z":1.453125},"rotation":{"x":-0.008101818151772023,"y":-0.0014998302794992924,"z":-0.000012094094017811585,"w":0.9999691843986511},"size":248.33778381347657,"orthographic":true}